Sample.Name,Marker,Meth_level
SN001,chrUn_GL000220v1.118890,14.973
SN001,chr13.93039685,54.75997
SN001,chrUn_GL000220v1.118888,16.01179
SN001,chr1.19339492,52.7433
SN001,chr16.54736316,66.3298
SN001,chr1.19339500,58.30626
SN001,chr1.19339447,43.62603
SN001,chr13.93039687,52.21047
SN001,chr1.19339432,55.06322