Sample.Name,Marker,Meth_level
SN001,chr2.129071885,60.18492
SN001,chr13.32846238,48.32148
SN001,chr12.4535197,73.74337
SN001,chr10.4384066,45.66817
SN001,chr21.45509586,68.60531
SN001,chr16.65834073,49.76106
SN001,chr20.42179997,45.56237
SN001,chr12.123465627,51.33506
SN001,chrUn_GL000220v1.118890,14.973
SN001,chr8.54102463,47.87679
SN001,chr8.114387489,30.4043
SN001,chr19.18610689,43.98734
SN001,chr21.45509584,95.53798
SN001,chr8.114387390,27.02864
